{
  "report": {
    "report_title": "Housing and Health ",
    "report_description": "This report provides a neighborhood summary of housing conditions and related health outcomes. It also describes population characteristics that can increase vulnerability to housing hazards.",
    "geo_entity_name": "Central Harlem - Morningside Heights",
    "zip_code": " 10115,10027,10026,10030,10037",
    "report_text": "Categories based on whether the most recent neighborhood value falls among the best, middle or worse performing third of all NYC neighborhoods. NYC is divided into 42 neighborhoods based on the United Hospital Fund (UHF) approach of aggregating zip code areas to approximate Community Planning Districts.",
    "report_unreliable_text": "**Estimate is based on small numbers so should be interpreted with caution.",
    "report_footer": "More data and information on Asthma and the Environment can be found on the NYC Tracking Portal (www.nyc.gov/health/tracking) and on EpiQuery(www.nyc.gov/health/epiquery). The tracking program is part of the National Environmental Public Health Tracking Network (www.cdc.gov/EPHTracking).",
    "report_data_source": [
      "1. New York City Community Health Survey (CHS)",
      " 2. New York State Statewide Planning and Research Cooperative System (SPARCS) Deidentified Hospital Discharge Data",
      " 3. United States Census",
      " 4. New York City Housing and Vacancy Survey (HVS)",
      " 5. New York City Healthy Homes Program",
      " 6. Fire Department of New York City (FDNY) Carbon Monoxide Incidents",
      " 7. American Community Survey"
    ],
    "report_content": [
      {
        "report_topic": "Indoor Air Quality",
        "report_topic_description": "These indicators describe potential sources of allergens and pollutants that can worsen asthma and other health conditions.",
        "geo_entity_name": "Central Harlem - Morningside Heights",
        "borough_name": "Manhattan",
        "city": "NYC",
        "compared_with": "Compared with other NYC neighborhoods*",
        "report_topic_data": [
          {
            "indicator_name": "Homes with mice or rats in the building (percent)  2017",
            "indicator_short_name": "Mice or rats",
            "indicator_data_name": "poveACSP",
            "indicator_description": "The New York City (NYC) Heat Vulnerability Index (HVI) is a measure of how the risk of heat-related illness or death differs across neighborhoods. Neighborhood risk factors that increase heat- vulnerability in NYC are: less home air conditioning, less green space, hotter surface temperatures, and more residents who are low-income or non-Latinx Black. Differences in these risk factors across neighborhoods are rooted in past and present racism.",
            "indicator_neighborhood_rank": "4",
            "data_value_geo_entity": "20.5",
            "unmodified_data_value_geo_entity": 20.5,
            "data_value_borough": "15.7",
            "unmodified_data_value_borough": 15.7,
            "data_value_nyc": 18.8,
            "data_value_rank": 2,
            "unreliability_flag": 0,
            "trend_over_time": [
              {
                "year": "2002",
                "start_period": "2002-01-01",
                "data_value": 36.6
              },
              {
                "year": "2005",
                "start_period": "2005-01-01",
                "data_value": 35.0
              },
              {
                "year": "2008",
                "start_period": "2008-01-01",
                "data_value": 26.5
              },
              {
                "year": "2017",
                "start_period": "2017-01-01",
                "data_value": 20.5
              }
            ],
            "source_description": "New York City Housing and Vacancy Survey (HVS)"
          },
          {
            "indicator_name": "Homes with cockroaches (percent)  2017",
            "indicator_short_name": "Cockroaches",
            "indicator_data_name": "poveACSP",
            "indicator_description": "The New York City (NYC) Heat Vulnerability Index (HVI) is a measure of how the risk of heat-related illness or death differs across neighborhoods. Neighborhood risk factors that increase heat- vulnerability in NYC are: less home air conditioning, less green space, hotter surface temperatures, and more residents who are low-income or non-Latinx Black. Differences in these risk factors across neighborhoods are rooted in past and present racism.",
            "indicator_neighborhood_rank": "4",
            "data_value_geo_entity": "28.4",
            "unmodified_data_value_geo_entity": 28.4,
            "data_value_borough": "20",
            "unmodified_data_value_borough": 20.0,
            "data_value_nyc": 24.1,
            "data_value_rank": 2,
            "unreliability_flag": 0,
            "trend_over_time": [
              {
                "year": "2008",
                "start_period": "2008-01-01",
                "data_value": 38.2
              },
              {
                "year": "2017",
                "start_period": "2017-01-01",
                "data_value": 28.4
              }
            ],
            "source_description": "New York City Housing and Vacancy Survey (HVS)"
          },
          {
            "indicator_name": "Adults who allow smoking in the home (percent)  2013",
            "indicator_short_name": "Smoking at home",
            "indicator_data_name": "poveACSP",
            "indicator_description": "The New York City (NYC) Heat Vulnerability Index (HVI) is a measure of how the risk of heat-related illness or death differs across neighborhoods. Neighborhood risk factors that increase heat- vulnerability in NYC are: less home air conditioning, less green space, hotter surface temperatures, and more residents who are low-income or non-Latinx Black. Differences in these risk factors across neighborhoods are rooted in past and present racism.",
            "indicator_neighborhood_rank": "4",
            "data_value_geo_entity": "31.1",
            "unmodified_data_value_geo_entity": 31.1,
            "data_value_borough": "23.9",
            "unmodified_data_value_borough": 23.9,
            "data_value_nyc": 22.9,
            "data_value_rank": 3,
            "unreliability_flag": 0,
            "trend_over_time": [
              {
                "year": "2003",
                "start_period": "2003-01-01",
                "data_value": 41.1
              },
              {
                "year": "2004",
                "start_period": "2004-01-01",
                "data_value": 41.5
              },
              {
                "year": "2006",
                "start_period": "2006-01-01",
                "data_value": 35.0
              },
              {
                "year": "2008",
                "start_period": "2008-01-01",
                "data_value": 37.4
              },
              {
                "year": "2009",
                "start_period": "2009-01-01",
                "data_value": 34.2
              },
              {
                "year": "2010",
                "start_period": "2010-01-01",
                "data_value": 20.0
              },
              {
                "year": "2011",
                "start_period": "2011-01-01",
                "data_value": 23.3
              },
              {
                "year": "2013",
                "start_period": "2013-01-01",
                "data_value": 31.1
              }
            ],
            "source_description": "New York City Community Health Survey (CHS)"
          },
          {
            "indicator_name": "Adults reporting mold in the home (percent) 2012",
            "indicator_short_name": "Mold",
            "indicator_data_name": "poveACSP",
            "indicator_description": "The New York City (NYC) Heat Vulnerability Index (HVI) is a measure of how the risk of heat-related illness or death differs across neighborhoods. Neighborhood risk factors that increase heat- vulnerability in NYC are: less home air conditioning, less green space, hotter surface temperatures, and more residents who are low-income or non-Latinx Black. Differences in these risk factors across neighborhoods are rooted in past and present racism.",
            "indicator_neighborhood_rank": "4",
            "data_value_geo_entity": "9.1**",
            "unmodified_data_value_geo_entity": 9.1,
            "data_value_borough": "8",
            "unmodified_data_value_borough": 8.0,
            "data_value_nyc": 9.5,
            "data_value_rank": 2,
            "unreliability_flag": 1,
            "trend_over_time": [
              {
                "year": "2012",
                "start_period": "2012-01-01",
                "data_value": 9.1
              }
            ],
            "source_description": "New York City Community Health Survey (CHS)"
          }
        ]
      },
      {
        "report_topic": "Home Safety and Maintenance",
        "report_topic_description": "These indicators describe housing conditions that can affect health.",
        "geo_entity_name": "Central Harlem - Morningside Heights",
        "borough_name": "Manhattan",
        "city": "NYC",
        "compared_with": "Compared with other NYC neighborhoods*",
        "report_topic_data": [
          {
            "indicator_name": "Renter-occupied homes with any health-related maintenance problems (percent) 2017",
            "indicator_short_name": "Maintenance problems",
            "indicator_data_name": "poveACSP",
            "indicator_description": "The New York City (NYC) Heat Vulnerability Index (HVI) is a measure of how the risk of heat-related illness or death differs across neighborhoods. Neighborhood risk factors that increase heat- vulnerability in NYC are: less home air conditioning, less green space, hotter surface temperatures, and more residents who are low-income or non-Latinx Black. Differences in these risk factors across neighborhoods are rooted in past and present racism.",
            "indicator_neighborhood_rank": "4",
            "data_value_geo_entity": "68.6",
            "unmodified_data_value_geo_entity": 68.6,
            "data_value_borough": "56.6",
            "unmodified_data_value_borough": 56.6,
            "data_value_nyc": 61.5,
            "data_value_rank": 3,
            "unreliability_flag": 0,
            "trend_over_time": [
              {
                "year": "2017",
                "start_period": "2017-01-01",
                "data_value": 68.6
              }
            ],
            "source_description": "New York City Housing and Vacancy Survey (HVS)"
          },
          {
            "indicator_name": "Homes with cracks or holes (percent) 2017",
            "indicator_short_name": "Cracks or holes",
            "indicator_data_name": "poveACSP",
            "indicator_description": "The New York City (NYC) Heat Vulnerability Index (HVI) is a measure of how the risk of heat-related illness or death differs across neighborhoods. Neighborhood risk factors that increase heat- vulnerability in NYC are: less home air conditioning, less green space, hotter surface temperatures, and more residents who are low-income or non-Latinx Black. Differences in these risk factors across neighborhoods are rooted in past and present racism.",
            "indicator_neighborhood_rank": "4",
            "data_value_geo_entity": "18.9",
            "unmodified_data_value_geo_entity": 18.9,
            "data_value_borough": "12.3",
            "unmodified_data_value_borough": 12.3,
            "data_value_nyc": 12.3,
            "data_value_rank": 3,
            "unreliability_flag": 0,
            "trend_over_time": [
              {
                "year": "2002",
                "start_period": "2002-01-01",
                "data_value": 28.4
              },
              {
                "year": "2005",
                "start_period": "2005-01-01",
                "data_value": 20.4
              },
              {
                "year": "2008",
                "start_period": "2008-01-01",
                "data_value": 16.4
              },
              {
                "year": "2017",
                "start_period": "2017-01-01",
                "data_value": 18.9
              }
            ],
            "source_description": "New York City Housing and Vacancy Survey (HVS)"
          },
          {
            "indicator_name": "Homes with leaks (percent) 2017",
            "indicator_short_name": "Leaks",
            "indicator_data_name": "poveACSP",
            "indicator_description": "The New York City (NYC) Heat Vulnerability Index (HVI) is a measure of how the risk of heat-related illness or death differs across neighborhoods. Neighborhood risk factors that increase heat- vulnerability in NYC are: less home air conditioning, less green space, hotter surface temperatures, and more residents who are low-income or non-Latinx Black. Differences in these risk factors across neighborhoods are rooted in past and present racism.",
            "indicator_neighborhood_rank": "4",
            "data_value_geo_entity": "20.8",
            "unmodified_data_value_geo_entity": 20.8,
            "data_value_borough": "14.4",
            "unmodified_data_value_borough": 14.4,
            "data_value_nyc": 13.4,
            "data_value_rank": 3,
            "unreliability_flag": 0,
            "trend_over_time": [
              {
                "year": "2002",
                "start_period": "2002-01-01",
                "data_value": 25.0
              },
              {
                "year": "2005",
                "start_period": "2005-01-01",
                "data_value": 24.1
              },
              {
                "year": "2008",
                "start_period": "2008-01-01",
                "data_value": 16.9
              },
              {
                "year": "2017",
                "start_period": "2017-01-01",
                "data_value": 20.8
              }
            ],
            "source_description": "New York City Housing and Vacancy Survey (HVS)"
          },
          {
            "indicator_name": "Pre-1960 homes with peeling paint (percent)  2017",
            "indicator_short_name": "Peeling paint",
            "indicator_data_name": "poveACSP",
            "indicator_description": "The New York City (NYC) Heat Vulnerability Index (HVI) is a measure of how the risk of heat-related illness or death differs across neighborhoods. Neighborhood risk factors that increase heat- vulnerability in NYC are: less home air conditioning, less green space, hotter surface temperatures, and more residents who are low-income or non-Latinx Black. Differences in these risk factors across neighborhoods are rooted in past and present racism.",
            "indicator_neighborhood_rank": "4",
            "data_value_geo_entity": "7.1**",
            "unmodified_data_value_geo_entity": 7.1,
            "data_value_borough": "4.7",
            "unmodified_data_value_borough": 4.7,
            "data_value_nyc": 3.9,
            "data_value_rank": 3,
            "unreliability_flag": 1,
            "trend_over_time": [
              {
                "year": "2017",
                "start_period": "2017-01-01",
                "data_value": 7.1
              }
            ],
            "source_description": "New York City Housing and Vacancy Survey (HVS)"
          },
          {
            "indicator_name": "Homes using supplemental heat (percent)  2017",
            "indicator_short_name": "Supplemental heat",
            "indicator_data_name": "poveACSP",
            "indicator_description": "The New York City (NYC) Heat Vulnerability Index (HVI) is a measure of how the risk of heat-related illness or death differs across neighborhoods. Neighborhood risk factors that increase heat- vulnerability in NYC are: less home air conditioning, less green space, hotter surface temperatures, and more residents who are low-income or non-Latinx Black. Differences in these risk factors across neighborhoods are rooted in past and present racism.",
            "indicator_neighborhood_rank": "4",
            "data_value_geo_entity": "20.7",
            "unmodified_data_value_geo_entity": 20.7,
            "data_value_borough": "12.8",
            "unmodified_data_value_borough": 12.8,
            "data_value_nyc": 13.3,
            "data_value_rank": 3,
            "unreliability_flag": 0,
            "trend_over_time": [
              {
                "year": "1999",
                "start_period": "1999-01-01",
                "data_value": 29.8
              },
              {
                "year": "2002",
                "start_period": "2002-01-01",
                "data_value": 22.2
              },
              {
                "year": "2005",
                "start_period": "2005-01-01",
                "data_value": 23.6
              },
              {
                "year": "2008",
                "start_period": "2008-01-01",
                "data_value": 14.5
              },
              {
                "year": "2017",
                "start_period": "2017-01-01",
                "data_value": 20.7
              }
            ],
            "source_description": "New York City Housing and Vacancy Survey (HVS)"
          },
          {
            "indicator_name": "Carbon monoxide incidents without a detector (average annual rate per 10,000 buildings) 2014-2016",
            "indicator_short_name": "CO incidents",
            "indicator_data_name": "poveACSP",
            "indicator_description": "The New York City (NYC) Heat Vulnerability Index (HVI) is a measure of how the risk of heat-related illness or death differs across neighborhoods. Neighborhood risk factors that increase heat- vulnerability in NYC are: less home air conditioning, less green space, hotter surface temperatures, and more residents who are low-income or non-Latinx Black. Differences in these risk factors across neighborhoods are rooted in past and present racism.",
            "indicator_neighborhood_rank": "4",
            "data_value_geo_entity": "5.7**",
            "unmodified_data_value_geo_entity": 5.7,
            "data_value_borough": "6.4",
            "unmodified_data_value_borough": 6.4,
            "data_value_nyc": 0.9,
            "data_value_rank": 3,
            "unreliability_flag": 1,
            "trend_over_time": [
              {
                "year": "2011-2013",
                "start_period": "2011-01-01",
                "data_value": 5.0
              },
              {
                "year": "2014-2016",
                "start_period": "2014-01-01",
                "data_value": 5.7
              }
            ],
            "source_description": "Fire Department of New York City (FDNY) Carbon Monoxide Incidents"
          },
          {
            "indicator_name": "Homes reporting air conditioning (percent) 2017",
            "indicator_short_name": "Air conditioning",
            "indicator_data_name": "poveACSP",
            "indicator_description": "The New York City (NYC) Heat Vulnerability Index (HVI) is a measure of how the risk of heat-related illness or death differs across neighborhoods. Neighborhood risk factors that increase heat- vulnerability in NYC are: less home air conditioning, less green space, hotter surface temperatures, and more residents who are low-income or non-Latinx Black. Differences in these risk factors across neighborhoods are rooted in past and present racism.",
            "indicator_neighborhood_rank": "4",
            "data_value_geo_entity": "83.5",
            "unmodified_data_value_geo_entity": 83.5,
            "data_value_borough": "92.6",
            "unmodified_data_value_borough": 92.6,
            "data_value_nyc": 91.0,
            "data_value_rank": 1,
            "unreliability_flag": 0,
            "trend_over_time": [
              {
                "year": "2014",
                "start_period": "2014-01-01",
                "data_value": 86.7
              },
              {
                "year": "2017",
                "start_period": "2017-01-01",
                "data_value": 83.5
              }
            ],
            "source_description": "New York City Housing and Vacancy Survey (HVS)"
          }
        ]
      },
      {
        "report_topic": "Health Outcomes",
        "report_topic_description": "These indicators describe health outcomes that can be affected by conditions in the home or neighborhood.",
        "geo_entity_name": "Central Harlem - Morningside Heights",
        "borough_name": "Manhattan",
        "city": "NYC",
        "compared_with": "Compared with other NYC neighborhoods*",
        "report_topic_data": [
          {
            "indicator_name": "Asthma Hospitalizations among Children 5 to 17 Yrs Old (Rate per 10,000 residents) 2016",
            "indicator_short_name": "Child asthma hospitalizations",
            "indicator_data_name": "poveACSP",
            "indicator_description": "The New York City (NYC) Heat Vulnerability Index (HVI) is a measure of how the risk of heat-related illness or death differs across neighborhoods. Neighborhood risk factors that increase heat- vulnerability in NYC are: less home air conditioning, less green space, hotter surface temperatures, and more residents who are low-income or non-Latinx Black. Differences in these risk factors across neighborhoods are rooted in past and present racism.",
            "indicator_neighborhood_rank": "4",
            "data_value_geo_entity": "62.0",
            "unmodified_data_value_geo_entity": 62.0,
            "data_value_borough": "27.9",
            "unmodified_data_value_borough": 27.9,
            "data_value_nyc": 27.2,
            "data_value_rank": 3,
            "unreliability_flag": 0,
            "trend_over_time": [
              {
                "year": "2005",
                "start_period": "2005-01-01",
                "data_value": 78.4
              },
              {
                "year": "2006",
                "start_period": "2006-01-01",
                "data_value": 65.7
              },
              {
                "year": "2007",
                "start_period": "2007-01-01",
                "data_value": 68.0
              },
              {
                "year": "2008",
                "start_period": "2008-01-01",
                "data_value": 55.3
              },
              {
                "year": "2009",
                "start_period": "2009-01-01",
                "data_value": 69.1
              },
              {
                "year": "2010",
                "start_period": "2010-01-01",
                "data_value": 48.1
              },
              {
                "year": "2011",
                "start_period": "2011-01-01",
                "data_value": 46.9
              },
              {
                "year": "2012",
                "start_period": "2012-01-01",
                "data_value": 62.1
              },
              {
                "year": "2013",
                "start_period": "2013-01-01",
                "data_value": 60.1
              },
              {
                "year": "2014",
                "start_period": "2014-01-01",
                "data_value": 51.0
              },
              {
                "year": "2015",
                "start_period": "2015-01-01",
                "data_value": 46.9
              },
              {
                "year": "2016",
                "start_period": "2016-01-01",
                "data_value": 62.0
              }
            ],
            "source_description": "New York State Statewide Planning and Research Cooperative System (SPARCS) Deidentified Hospital Discharge Data"
          },
          {
            "indicator_name": "Asthma Hospitalizations among Adults (Age-Adjusted Rate per 10,000 residents) 2016",
            "indicator_short_name": "Adult asthma hospitalizations",
            "indicator_data_name": "poveACSP",
            "indicator_description": "The New York City (NYC) Heat Vulnerability Index (HVI) is a measure of how the risk of heat-related illness or death differs across neighborhoods. Neighborhood risk factors that increase heat- vulnerability in NYC are: less home air conditioning, less green space, hotter surface temperatures, and more residents who are low-income or non-Latinx Black. Differences in these risk factors across neighborhoods are rooted in past and present racism.",
            "indicator_neighborhood_rank": "4",
            "data_value_geo_entity": "20.3",
            "unmodified_data_value_geo_entity": 20.3,
            "data_value_borough": "7.6",
            "unmodified_data_value_borough": 7.6,
            "data_value_nyc": 11.1,
            "data_value_rank": 3,
            "unreliability_flag": 0,
            "trend_over_time": [
              {
                "year": "2005",
                "start_period": "2005-01-01",
                "data_value": 42.0
              },
              {
                "year": "2006",
                "start_period": "2006-01-01",
                "data_value": 48.2
              },
              {
                "year": "2007",
                "start_period": "2007-01-01",
                "data_value": 47.3
              },
              {
                "year": "2008",
                "start_period": "2008-01-01",
                "data_value": 55.2
              },
              {
                "year": "2009",
                "start_period": "2009-01-01",
                "data_value": 51.7
              },
              {
                "year": "2010",
                "start_period": "2010-01-01",
                "data_value": 48.1
              },
              {
                "year": "2011",
                "start_period": "2011-01-01",
                "data_value": 39.5
              },
              {
                "year": "2012",
                "start_period": "2012-01-01",
                "data_value": 41.0
              },
              {
                "year": "2013",
                "start_period": "2013-01-01",
                "data_value": 42.0
              },
              {
                "year": "2014",
                "start_period": "2014-01-01",
                "data_value": 42.6
              },
              {
                "year": "2016",
                "start_period": "2016-01-01",
                "data_value": 20.3
              }
            ],
            "source_description": "New York State Statewide Planning and Research Cooperative System (SPARCS) Deidentified Hospital Discharge Data"
          },
          {
            "indicator_name": "Children under 6 years with elevated blood lead levels (BLL)(Rate  BLL>=5 per 1,000 tested) 2018",
            "indicator_short_name": "High blood lead",
            "indicator_data_name": "poveACSP",
            "indicator_description": "The New York City (NYC) Heat Vulnerability Index (HVI) is a measure of how the risk of heat-related illness or death differs across neighborhoods. Neighborhood risk factors that increase heat- vulnerability in NYC are: less home air conditioning, less green space, hotter surface temperatures, and more residents who are low-income or non-Latinx Black. Differences in these risk factors across neighborhoods are rooted in past and present racism.",
            "indicator_neighborhood_rank": "4",
            "data_value_geo_entity": "11.3",
            "unmodified_data_value_geo_entity": 11.3,
            "data_value_borough": "7.5",
            "unmodified_data_value_borough": 7.5,
            "data_value_nyc": 13.6,
            "data_value_rank": 2,
            "unreliability_flag": 0,
            "trend_over_time": [
              {
                "year": "2005",
                "start_period": "2005-01-01",
                "data_value": 146.2
              },
              {
                "year": "2006",
                "start_period": "2006-01-01",
                "data_value": 124.0
              },
              {
                "year": "2007",
                "start_period": "2007-01-01",
                "data_value": 98.9
              },
              {
                "year": "2008",
                "start_period": "2008-01-01",
                "data_value": 68.8
              },
              {
                "year": "2009",
                "start_period": "2009-01-01",
                "data_value": 46.6
              },
              {
                "year": "2010",
                "start_period": "2010-01-01",
                "data_value": 39.6
              },
              {
                "year": "2011",
                "start_period": "2011-01-01",
                "data_value": 30.3
              },
              {
                "year": "2012",
                "start_period": "2012-01-01",
                "data_value": 15.4
              },
              {
                "year": "2013",
                "start_period": "2013-01-01",
                "data_value": 20.4
              },
              {
                "year": "2014",
                "start_period": "2014-01-01",
                "data_value": 16.0
              },
              {
                "year": "2015",
                "start_period": "2015-01-01",
                "data_value": 12.7
              },
              {
                "year": "2016",
                "start_period": "2016-01-01",
                "data_value": 13.4
              },
              {
                "year": "2017",
                "start_period": "2017-01-01",
                "data_value": 8.8
              },
              {
                "year": "2018",
                "start_period": "2018-01-01",
                "data_value": 11.3
              }
            ],
            "source_description": "New York City Healthy Homes Program"
          },
          {
            "indicator_name": "Heat stress hospitalizations (age-adjusted rate per 100,000 residents) 2015",
            "indicator_short_name": "Heat stress hospitalizations",
            "indicator_data_name": "poveACSP",
            "indicator_description": "The New York City (NYC) Heat Vulnerability Index (HVI) is a measure of how the risk of heat-related illness or death differs across neighborhoods. Neighborhood risk factors that increase heat- vulnerability in NYC are: less home air conditioning, less green space, hotter surface temperatures, and more residents who are low-income or non-Latinx Black. Differences in these risk factors across neighborhoods are rooted in past and present racism.",
            "indicator_neighborhood_rank": "4",
            "data_value_geo_entity": "0.0**",
            "unmodified_data_value_geo_entity": 0.0,
            "data_value_borough": "0.8",
            "unmodified_data_value_borough": 0.8,
            "data_value_nyc": 0.8,
            "data_value_rank": 1,
            "unreliability_flag": 1,
            "trend_over_time": [
              {
                "year": "2000",
                "start_period": "2000-01-01",
                "data_value": 1.3
              },
              {
                "year": "2001",
                "start_period": "2001-01-01",
                "data_value": 8.0
              },
              {
                "year": "2002",
                "start_period": "2002-01-01",
                "data_value": 8.6
              },
              {
                "year": "2003",
                "start_period": "2003-01-01",
                "data_value": 3.4
              },
              {
                "year": "2004",
                "start_period": "2004-01-01",
                "data_value": 2.7
              },
              {
                "year": "2005",
                "start_period": "2005-01-01",
                "data_value": 4.1
              },
              {
                "year": "2006",
                "start_period": "2006-01-01",
                "data_value": 9.1
              },
              {
                "year": "2007",
                "start_period": "2007-01-01",
                "data_value": 2.1
              },
              {
                "year": "2008",
                "start_period": "2008-01-01",
                "data_value": 3.6
              },
              {
                "year": "2009",
                "start_period": "2009-01-01",
                "data_value": 1.5
              },
              {
                "year": "2010",
                "start_period": "2010-01-01",
                "data_value": 2.2
              },
              {
                "year": "2011",
                "start_period": "2011-01-01",
                "data_value": 2.8
              },
              {
                "year": "2012",
                "start_period": "2012-01-01",
                "data_value": 2.7
              },
              {
                "year": "2013",
                "start_period": "2013-01-01",
                "data_value": 2.4
              },
              {
                "year": "2014",
                "start_period": "2014-01-01",
                "data_value": 1.2
              },
              {
                "year": "2015",
                "start_period": "2015-01-01",
                "data_value": 0.0
              }
            ],
            "source_description": "New York State Statewide Planning and Research Cooperative System (SPARCS) Deidentified Hospital Discharge Data,United States Census"
          }
        ]
      },
      {
        "report_topic": "Social and Economic Risk Factors",
        "report_topic_description": "These indicators describe conditions that make a neighborhood more at-risk for housing hazards.",
        "geo_entity_name": "Central Harlem - Morningside Heights",
        "borough_name": "Manhattan",
        "city": "NYC",
        "compared_with": "Compared with other NYC neighborhoods*",
        "report_topic_data": [
          {
            "indicator_name": "Children under 5 years old in poverty (percent) 2013-17",
            "indicator_short_name": "Children in poverty",
            "indicator_data_name": "poveACSP",
            "indicator_description": "The New York City (NYC) Heat Vulnerability Index (HVI) is a measure of how the risk of heat-related illness or death differs across neighborhoods. Neighborhood risk factors that increase heat- vulnerability in NYC are: less home air conditioning, less green space, hotter surface temperatures, and more residents who are low-income or non-Latinx Black. Differences in these risk factors across neighborhoods are rooted in past and present racism.",
            "indicator_neighborhood_rank": "4",
            "data_value_geo_entity": "38.6",
            "unmodified_data_value_geo_entity": 38.6,
            "data_value_borough": "18.5",
            "unmodified_data_value_borough": 18.5,
            "data_value_nyc": 26.5,
            "data_value_rank": 3,
            "unreliability_flag": 0,
            "trend_over_time": [
              {
                "year": "2009-13",
                "start_period": "2009-01-01",
                "data_value": 37.06
              },
              {
                "year": "2010-14",
                "start_period": "2010-01-01",
                "data_value": 39.34
              },
              {
                "year": "2011-15",
                "start_period": "2011-01-01",
                "data_value": 40.77
              },
              {
                "year": "2012-16",
                "start_period": "2012-01-01",
                "data_value": 42.29
              },
              {
                "year": "2013-17",
                "start_period": "2013-01-01",
                "data_value": 38.59
              }
            ],
            "source_description": "American Community Survey"
          },
          {
            "indicator_name": "Crowding (percent of homes with > 1 person per room), 2013-17",
            "indicator_short_name": "Crowding",
            "indicator_data_name": "poveACSP",
            "indicator_description": "The New York City (NYC) Heat Vulnerability Index (HVI) is a measure of how the risk of heat-related illness or death differs across neighborhoods. Neighborhood risk factors that increase heat- vulnerability in NYC are: less home air conditioning, less green space, hotter surface temperatures, and more residents who are low-income or non-Latinx Black. Differences in these risk factors across neighborhoods are rooted in past and present racism.",
            "indicator_neighborhood_rank": "4",
            "data_value_geo_entity": "5.9",
            "unmodified_data_value_geo_entity": 5.9,
            "data_value_borough": "5.7",
            "unmodified_data_value_borough": 5.7,
            "data_value_nyc": 9.0,
            "data_value_rank": 1,
            "unreliability_flag": 0,
            "trend_over_time": [
              {
                "year": "2009-13",
                "start_period": "2009-01-01",
                "data_value": 6.1
              },
              {
                "year": "2010-14",
                "start_period": "2010-01-01",
                "data_value": 5.85
              },
              {
                "year": "2011-15",
                "start_period": "2011-01-01",
                "data_value": 5.94
              },
              {
                "year": "2012-16",
                "start_period": "2012-01-01",
                "data_value": 6.12
              },
              {
                "year": "2013-17",
                "start_period": "2013-01-01",
                "data_value": 5.92
              }
            ],
            "source_description": "American Community Survey"
          }
        ]
      }
    ]
  }
}
